,Loan_ID,Dependents,LoanAmount,Loan_Amount_Term,Credit_History,Total,Gender_Male,Education_Not Graduate,Property_Area_Semiurban,Property_Area_Urban,Married_Yes,Self_Employed_Yes,Loan_Status_Y
0,LP001002,0,128.0,360.0,1.0,5849.0,1,0,0,1,0,0,1
1,LP001003,1,128.0,360.0,1.0,6091.0,1,0,0,0,1,0,0
2,LP001005,0,66.0,360.0,1.0,3000.0,1,0,0,1,1,1,1
3,LP001006,0,120.0,360.0,1.0,4941.0,1,1,0,1,1,0,1
4,LP001008,0,141.0,360.0,1.0,6000.0,1,0,0,1,0,0,1
5,LP001011,2,267.0,360.0,1.0,9613.0,1,0,0,1,1,1,1
6,LP001013,0,95.0,360.0,1.0,3849.0,1,1,0,1,1,0,1
7,LP001014,3,158.0,360.0,0.0,5540.0,1,0,1,0,1,0,0
8,LP001018,2,168.0,360.0,1.0,5532.0,1,0,0,1,1,0,1
9,LP001020,1,349.0,360.0,1.0,23809.0,1,0,1,0,1,0,0
10,LP001024,2,70.0,360.0,1.0,3900.0,1,0,0,1,1,0,1
11,LP001027,2,109.0,360.0,1.0,4340.0,1,0,0,1,1,0,1
12,LP001028,2,200.0,360.0,1.0,11179.0,1,0,0,1,1,0,1
13,LP001029,0,114.0,360.0,1.0,4693.0,1,0,0,0,0,0,0
14,LP001030,2,17.0,120.0,1.0,2385.0,1,0,0,1,1,0,1
15,LP001032,0,125.0,360.0,1.0,4950.0,1,0,0,1,0,0,1
16,LP001034,1,100.0,240.0,1.0,3596.0,1,1,0,1,0,0,1
17,LP001036,0,76.0,360.0,0.0,3510.0,0,0,0,1,0,0,0
18,LP001038,0,133.0,360.0,1.0,4887.0,1,1,0,0,1,0,0
19,LP001041,0,115.0,360.0,1.0,6100.0,1,0,0,1,1,0,1
20,LP001043,0,104.0,360.0,0.0,7660.0,1,1,0,1,1,0,0
21,LP001046,1,315.0,360.0,1.0,11580.0,1,0,0,1,1,0,1
22,LP001047,0,116.0,360.0,0.0,4511.0,1,1,1,0,1,0,0
23,LP001050,2,112.0,360.0,0.0,5282.0,1,1,0,0,1,0,0
24,LP001052,1,151.0,360.0,1.0,6642.0,1,0,1,0,1,0,0
25,LP001066,0,191.0,360.0,1.0,9560.0,1,0,1,0,1,1,1
26,LP001068,0,122.0,360.0,1.0,5052.0,1,0,1,0,1,0,1
27,LP001073,2,110.0,360.0,1.0,5266.0,1,1,0,1,1,0,1
28,LP001086,0,35.0,360.0,1.0,1442.0,1,1,0,1,0,0,0
29,LP001087,2,120.0,360.0,1.0,5833.0,0,0,1,0,0,0,1
30,LP001091,1,201.0,360.0,1.0,7535.0,1,0,0,1,1,0,0
31,LP001095,0,74.0,360.0,1.0,3167.0,1,0,0,1,0,0,0
32,LP001097,1,106.0,360.0,1.0,4692.0,1,0,0,0,0,1,0
33,LP001098,0,114.0,360.0,1.0,5167.0,1,0,1,0,1,0,1
34,LP001100,3,320.0,360.0,1.0,15500.0,1,0,0,0,0,0,0
35,LP001106,0,128.0,360.0,1.0,4342.0,1,0,0,1,1,0,1
36,LP001109,0,100.0,360.0,0.0,3158.0,1,0,0,1,1,0,0
37,LP001112,0,144.0,360.0,1.0,5126.0,0,0,1,0,1,0,1
38,LP001114,0,184.0,360.0,1.0,11376.0,1,0,0,1,0,0,1
39,LP001116,0,110.0,360.0,1.0,5416.0,1,1,1,0,0,0,1
40,LP001119,0,80.0,360.0,1.0,3600.0,1,0,0,1,0,0,0
41,LP001120,0,47.0,360.0,1.0,3013.0,1,0,0,1,0,0,1
42,LP001123,0,75.0,360.0,1.0,2400.0,1,0,0,1,1,0,1
43,LP001131,0,134.0,360.0,1.0,6277.0,1,0,1,0,1,0,1
44,LP001136,0,96.0,360.0,1.0,4695.0,1,1,0,1,1,1,1
45,LP001137,0,88.0,360.0,1.0,3410.0,0,0,0,1,0,0,1
46,LP001138,1,44.0,360.0,1.0,5649.0,1,0,0,1,1,0,1
47,LP001144,0,144.0,360.0,1.0,5821.0,1,0,0,1,1,0,1
48,LP001146,0,120.0,360.0,0.0,6085.0,0,0,0,1,1,0,0
49,LP001151,0,144.0,360.0,1.0,6275.0,0,0,1,0,0,0,1
50,LP001155,0,100.0,360.0,1.0,3572.0,0,1,1,0,1,0,1
51,LP001157,0,120.0,360.0,1.0,3086.0,0,0,1,0,0,0,1
52,LP001164,0,112.0,360.0,1.0,4230.0,0,0,1,0,0,0,0
53,LP001179,2,134.0,360.0,1.0,4616.0,1,0,0,1,1,0,0
54,LP001186,1,286.0,360.0,0.0,11500.0,0,0,0,1,1,1,0
55,LP001194,2,97.0,360.0,1.0,3875.0,1,0,1,0,1,0,1
56,LP001195,0,96.0,360.0,1.0,3723.0,1,0,1,0,1,0,1
57,LP001197,0,135.0,360.0,1.0,5566.0,1,0,0,0,1,0,0
58,LP001198,1,180.0,360.0,1.0,10330.0,1,0,0,1,1,0,1
59,LP001199,2,144.0,360.0,1.0,6216.0,1,1,0,1,1,0,1
60,LP001205,0,120.0,360.0,1.0,6296.0,1,0,0,1,1,0,1
61,LP001206,3,99.0,360.0,1.0,3029.0,1,0,0,1,1,0,1
62,LP001207,0,165.0,180.0,0.0,6058.0,1,1,0,0,1,1,0
63,LP001213,1,128.0,360.0,0.0,4945.0,1,0,0,0,1,0,0
64,LP001222,0,116.0,360.0,0.0,4166.0,0,0,1,0,0,0,0
65,LP001225,0,258.0,360.0,1.0,10321.0,1,0,1,0,1,0,0
66,LP001228,0,126.0,180.0,0.0,5454.0,1,1,0,1,0,0,0
67,LP001233,1,312.0,360.0,1.0,10750.0,1,0,0,1,1,0,1
68,LP001238,3,125.0,60.0,1.0,7100.0,1,1,0,1,1,1,1
69,LP001241,0,136.0,360.0,0.0,4300.0,0,0,1,0,0,0,0
70,LP001243,0,172.0,360.0,1.0,6274.0,1,0,0,1,1,0,1
71,LP001245,2,97.0,360.0,1.0,3750.0,1,1,1,0,1,1,1
72,LP001248,0,81.0,300.0,1.0,3500.0,1,0,1,0,0,0,1
73,LP001250,3,95.0,360.0,0.0,4755.0,1,1,1,0,1,0,0
74,LP001253,3,187.0,360.0,1.0,7040.0,1,0,1,0,1,1,1
75,LP001255,0,113.0,480.0,1.0,3750.0,1,0,0,1,0,0,0
76,LP001256,0,176.0,360.0,1.0,8500.0,1,0,0,1,0,0,0
77,LP001259,1,110.0,360.0,1.0,4022.0,1,0,0,1,1,1,0
78,LP001263,3,180.0,300.0,0.0,7167.0,1,0,1,0,1,0,0
79,LP001264,3,130.0,360.0,1.0,5499.0,1,1,1,0,1,1,1
80,LP001265,0,111.0,360.0,1.0,3846.0,0,0,1,0,0,0,1
81,LP001266,1,128.0,360.0,1.0,2395.0,1,0,1,0,1,1,1
82,LP001267,2,167.0,360.0,1.0,3259.0,0,0,0,1,1,0,0
83,LP001273,0,265.0,360.0,1.0,8250.0,1,0,1,0,1,0,0
84,LP001275,1,50.0,240.0,1.0,3988.0,1,0,0,1,1,0,1
85,LP001279,0,136.0,360.0,1.0,4897.0,1,0,1,0,0,0,1
86,LP001280,2,99.0,360.0,1.0,5333.0,1,1,1,0,1,0,1
87,LP001282,0,104.0,360.0,1.0,4618.0,1,0,1,0,1,0,1
88,LP001289,0,210.0,360.0,1.0,8566.0,1,0,0,1,0,0,1
89,LP001310,0,175.0,360.0,1.0,9862.0,1,0,1,0,1,0,1
90,LP001316,0,131.0,360.0,1.0,5858.0,1,0,1,0,1,0,1
91,LP001318,2,188.0,180.0,1.0,11904.0,1,0,1,0,1,0,1
92,LP001319,2,81.0,360.0,1.0,5093.0,1,1,0,1,1,0,1
93,LP001322,0,122.0,360.0,1.0,4133.0,1,0,1,0,0,0,1
94,LP001325,0,25.0,120.0,1.0,3620.0,1,1,1,0,0,0,1
95,LP001326,0,128.0,360.0,1.0,6782.0,1,0,0,1,0,0,0
96,LP001327,0,137.0,360.0,1.0,4786.0,0,0,1,0,1,0,1
97,LP001333,0,50.0,360.0,1.0,2974.0,1,0,1,0,1,0,1
98,LP001334,0,115.0,180.0,1.0,4188.0,1,1,1,0,1,0,1
99,LP001343,0,131.0,360.0,1.0,5300.0,1,0,1,0,1,0,1
100,LP001345,2,133.0,180.0,1.0,7551.0,1,1,0,1,1,0,1
101,LP001349,0,151.0,360.0,1.0,8649.0,1,0,1,0,0,0,1
102,LP001350,0,128.0,360.0,1.0,13650.0,1,0,0,1,1,0,1
103,LP001356,0,128.0,360.0,1.0,8235.0,1,0,1,0,1,0,1
104,LP001357,0,160.0,360.0,1.0,4570.0,1,0,0,1,1,0,1
105,LP001367,1,100.0,360.0,1.0,4082.0,1,0,0,1,1,0,1
106,LP001369,2,225.0,360.0,1.0,12543.0,1,0,0,1,1,0,1
107,LP001370,0,120.0,360.0,1.0,7333.0,1,1,0,0,0,0,0
108,LP001379,2,216.0,360.0,0.0,7400.0,1,0,0,1,1,0,0
109,LP001384,3,94.0,480.0,1.0,2825.0,1,1,1,0,1,0,1
110,LP001385,0,136.0,360.0,1.0,5316.0,1,0,0,1,0,0,1
111,LP001387,0,139.0,360.0,1.0,5262.0,0,0,1,0,1,0,1
112,LP001391,0,152.0,360.0,0.0,7686.0,1,1,0,0,1,0,0
113,LP001392,1,128.0,360.0,1.0,7451.0,0,0,1,0,0,1,1
114,LP001398,0,118.0,360.0,1.0,5050.0,1,0,1,0,0,0,1
115,LP001401,1,185.0,180.0,1.0,14583.0,1,0,0,0,1,0,1
116,LP001404,0,154.0,360.0,1.0,5450.0,0,0,1,0,1,0,1
117,LP001405,1,85.0,360.0,1.0,3612.0,1,0,0,1,1,0,1
118,LP001421,0,175.0,360.0,1.0,7710.0,1,0,0,0,1,0,0
119,LP001422,0,259.0,360.0,1.0,10408.0,0,0,0,1,0,0,1
120,LP001426,0,180.0,360.0,1.0,8334.0,1,0,0,0,1,0,1
121,LP001430,0,44.0,360.0,1.0,4166.0,0,0,1,0,0,0,1
122,LP001431,0,137.0,360.0,0.0,11117.0,0,0,1,0,0,0,1
123,LP001432,2,81.0,360.0,1.0,2957.0,1,0,1,0,1,0,1
124,LP001439,0,194.0,360.0,1.0,6314.0,1,1,0,0,1,0,1
125,LP001443,0,93.0,360.0,1.0,3692.0,0,0,0,0,0,0,1
126,LP001448,3,370.0,360.0,1.0,23803.0,1,0,0,0,1,0,1
127,LP001449,0,128.0,360.0,1.0,5505.0,1,0,0,0,0,0,1
128,LP001451,1,160.0,180.0,0.0,14363.0,1,0,0,1,1,1,0
129,LP001465,0,182.0,360.0,1.0,8649.0,1,0,0,0,1,0,0
130,LP001469,0,650.0,480.0,1.0,20166.0,1,0,0,1,0,1,1
131,LP001473,0,74.0,360.0,1.0,3943.0,1,0,0,1,0,0,1
132,LP001478,0,70.0,360.0,1.0,2718.0,1,0,1,0,0,0,1
133,LP001482,0,25.0,120.0,1.0,3459.0,1,0,1,0,1,1,1
134,LP001487,0,102.0,360.0,1.0,4895.0,1,0,1,0,0,0,1
135,LP001488,3,290.0,360.0,1.0,11750.0,1,0,1,0,1,0,0
136,LP001489,0,84.0,360.0,1.0,4583.0,0,0,0,0,1,0,0
137,LP001491,2,88.0,360.0,1.0,6816.0,1,0,0,1,1,1,1
138,LP001492,0,242.0,360.0,0.0,14999.0,1,0,1,0,0,0,0
139,LP001493,2,129.0,360.0,1.0,5630.0,1,1,0,0,1,0,0
140,LP001497,2,185.0,360.0,1.0,7125.0,1,0,0,0,1,0,0
141,LP001498,0,168.0,360.0,1.0,5417.0,1,0,0,1,0,0,1
142,LP001504,0,175.0,180.0,1.0,6950.0,1,0,1,0,0,1,1
143,LP001507,0,122.0,360.0,1.0,4732.0,1,0,1,0,1,0,1
144,LP001508,2,187.0,180.0,1.0,11757.0,1,0,0,1,1,0,1
145,LP001514,0,100.0,360.0,1.0,6816.0,0,0,1,0,1,0,1
146,LP001516,2,70.0,360.0,1.0,14866.0,0,0,0,1,1,0,1
147,LP001518,1,30.0,360.0,1.0,2963.0,1,0,0,1,1,0,1
148,LP001519,0,225.0,360.0,1.0,11666.0,0,0,0,0,0,0,0
149,LP001520,0,125.0,360.0,1.0,5690.0,1,0,1,0,1,0,1
150,LP001528,0,118.0,360.0,0.0,6277.0,1,0,0,0,0,0,0
151,LP001529,0,152.0,360.0,1.0,6327.0,1,0,0,0,1,1,1
152,LP001531,0,244.0,360.0,1.0,9166.0,1,0,0,1,0,0,0
153,LP001532,2,113.0,360.0,1.0,2281.0,1,1,0,0,1,0,0
154,LP001535,0,50.0,360.0,1.0,3254.0,1,0,0,1,0,0,1
155,LP001536,3,600.0,180.0,0.0,39999.0,1,0,1,0,1,0,1
156,LP001541,1,160.0,360.0,1.0,6000.0,1,0,0,0,1,0,1
157,LP001543,1,187.0,360.0,1.0,9538.0,1,0,0,1,1,0,1
158,LP001546,0,120.0,360.0,1.0,5063.0,1,0,0,0,0,0,1
159,LP001552,0,255.0,360.0,1.0,10208.0,1,0,1,0,1,0,1
160,LP001560,0,98.0,360.0,1.0,2904.0,1,1,1,0,1,0,1
161,LP001562,0,275.0,360.0,1.0,7933.0,1,0,0,1,1,0,0
162,LP001565,1,121.0,360.0,0.0,4369.0,1,0,1,0,1,0,0
163,LP001570,2,158.0,360.0,1.0,5614.0,1,0,0,0,1,0,1
164,LP001572,0,75.0,180.0,1.0,9323.0,1,0,0,1,1,0,1
165,LP001574,0,182.0,360.0,1.0,6873.0,1,0,0,0,1,0,1
166,LP001577,0,112.0,360.0,1.0,4583.0,0,0,0,0,1,0,0
167,LP001578,0,129.0,360.0,1.0,5772.0,1,0,0,0,1,0,1
168,LP001579,0,63.0,480.0,0.0,2237.0,1,0,1,0,0,0,0
169,LP001580,2,200.0,360.0,1.0,8000.0,1,0,1,0,1,0,1
170,LP001581,0,95.0,360.0,1.0,3589.0,1,1,0,0,1,0,1
171,LP001585,3,700.0,300.0,1.0,51763.0,1,0,0,1,1,0,1
172,LP001586,3,81.0,180.0,1.0,3522.0,1,1,0,0,1,0,0
173,LP001594,0,187.0,360.0,1.0,11333.0,1,0,1,0,1,0,1
174,LP001603,0,87.0,360.0,1.0,5080.0,1,1,1,0,1,1,0
175,LP001606,0,116.0,360.0,1.0,5461.0,1,0,0,0,1,0,1
176,LP001608,2,101.0,360.0,1.0,3664.0,1,0,0,0,1,0,1
177,LP001610,3,495.0,360.0,0.0,16816.0,1,0,1,0,1,0,0
178,LP001616,1,116.0,360.0,1.0,3750.0,1,0,1,0,1,0,1
179,LP001630,0,102.0,480.0,0.0,3784.0,1,1,0,1,0,0,0
180,LP001633,1,180.0,360.0,0.0,13650.0,1,0,0,1,1,0,0
181,LP001634,0,67.0,360.0,1.0,6979.0,1,0,0,0,0,0,0
182,LP001636,0,73.0,180.0,1.0,4600.0,1,0,1,0,1,0,1
183,LP001637,1,260.0,360.0,1.0,33846.0,1,0,1,0,1,0,0
184,LP001639,0,108.0,360.0,1.0,3625.0,0,0,1,0,1,0,1
185,LP001640,0,120.0,360.0,1.0,43897.0,1,0,1,0,1,1,1
186,LP001641,1,66.0,300.0,0.0,2178.0,1,0,0,0,1,1,0
187,LP001643,0,58.0,360.0,1.0,4521.0,1,0,0,0,1,0,1
188,LP001644,0,168.0,360.0,1.0,5970.0,1,0,0,0,1,1,1
189,LP001647,0,188.0,180.0,1.0,9328.0,1,0,0,0,1,0,1
190,LP001653,0,48.0,360.0,1.0,4885.0,1,1,0,0,0,0,1
191,LP001656,0,164.0,360.0,1.0,12000.0,1,0,1,0,0,0,0
192,LP001657,0,160.0,360.0,1.0,6033.0,1,1,0,1,1,0,0
193,LP001658,0,76.0,360.0,1.0,3858.0,1,0,1,0,0,0,1
194,LP001664,0,120.0,360.0,1.0,4191.0,1,0,0,0,0,0,1
195,LP001665,1,170.0,360.0,1.0,5708.0,1,0,1,0,1,0,0
196,LP001666,0,187.0,360.0,1.0,12083.0,1,0,0,0,0,0,1
197,LP001669,0,120.0,360.0,1.0,4272.0,0,1,0,1,0,0,1
198,LP001671,0,113.0,360.0,1.0,6232.0,0,0,1,0,1,0,1
199,LP001673,0,83.0,360.0,1.0,11000.0,1,0,0,1,0,1,0
200,LP001674,1,90.0,360.0,1.0,5100.0,1,1,1,0,1,0,1
201,LP001677,2,166.0,360.0,0.0,4923.0,1,0,1,0,0,0,1
202,LP001682,3,128.0,180.0,1.0,3992.0,1,1,0,1,1,0,0
203,LP001688,1,135.0,360.0,1.0,4583.0,1,1,0,1,1,0,1
204,LP001691,2,124.0,360.0,1.0,3917.0,1,1,1,0,1,0,1
205,LP001692,0,120.0,360.0,1.0,4408.0,0,1,1,0,0,0,1
206,LP001693,0,80.0,360.0,1.0,3244.0,0,0,0,1,0,0,1
207,LP001698,0,55.0,360.0,1.0,6506.0,1,1,0,0,0,0,1
208,LP001699,0,59.0,360.0,1.0,2479.0,1,0,0,1,0,0,1
209,LP001702,0,127.0,360.0,1.0,3418.0,1,0,1,0,0,0,0
210,LP001708,0,214.0,360.0,1.0,10000.0,0,0,1,0,0,0,0
211,LP001711,3,128.0,360.0,0.0,4680.0,1,0,1,0,1,0,0
212,LP001713,1,240.0,360.0,1.0,7787.0,1,0,0,1,1,1,1
213,LP001715,3,130.0,360.0,1.0,5703.0,1,1,0,0,1,1,1
214,LP001716,0,137.0,360.0,1.0,6194.0,1,0,0,1,1,0,1
215,LP001720,3,100.0,360.0,1.0,4833.0,1,1,1,0,1,0,1
216,LP001722,0,135.0,360.0,1.0,1950.0,1,0,0,0,1,0,0
217,LP001726,0,131.0,360.0,1.0,5502.0,1,0,1,0,1,0,1
218,LP001732,2,72.0,360.0,0.0,5000.0,1,0,1,0,1,0,0
219,LP001734,2,127.0,360.0,1.0,6666.0,0,0,1,0,1,0,1
220,LP001736,0,60.0,360.0,0.0,2221.0,1,0,0,1,1,0,0
221,LP001743,2,116.0,360.0,1.0,5726.0,1,0,1,0,1,0,1
222,LP001744,0,144.0,360.0,1.0,5762.0,1,0,1,0,0,0,1
223,LP001749,0,175.0,360.0,1.0,8588.0,1,0,1,0,1,0,1
224,LP001750,0,128.0,360.0,1.0,6250.0,1,0,1,0,1,0,1
225,LP001751,0,170.0,360.0,1.0,3250.0,1,0,0,0,1,0,0
226,LP001754,0,138.0,360.0,1.0,4735.0,1,1,0,1,1,1,0
227,LP001758,2,210.0,360.0,1.0,7945.0,1,0,1,0,1,0,1
228,LP001760,0,158.0,480.0,1.0,4758.0,1,0,1,0,1,0,1
229,LP001761,0,200.0,360.0,1.0,6400.0,1,0,0,0,0,1,1
230,LP001765,1,104.0,360.0,1.0,4545.0,1,0,1,0,1,0,1
231,LP001768,0,42.0,180.0,1.0,3716.0,1,0,0,0,1,0,1
232,LP001770,0,120.0,360.0,1.0,5787.0,1,1,0,0,0,0,1
233,LP001776,0,280.0,360.0,1.0,8333.0,0,0,1,0,0,0,1
234,LP001778,1,140.0,360.0,1.0,4934.0,1,0,1,0,1,0,1
235,LP001784,1,170.0,360.0,1.0,6760.0,1,0,0,0,1,0,1
236,LP001786,0,255.0,360.0,1.0,5746.0,1,0,0,1,1,0,0
237,LP001788,0,122.0,360.0,1.0,3463.0,0,0,0,1,0,1,1
238,LP001790,1,112.0,360.0,1.0,3812.0,0,0,0,0,0,0,1
239,LP001792,1,96.0,360.0,1.0,3315.0,1,0,1,0,1,0,1
240,LP001798,2,120.0,360.0,1.0,10819.0,1,0,0,0,1,0,1
241,LP001800,1,140.0,180.0,1.0,4493.0,1,1,0,1,1,0,0
242,LP001806,0,155.0,60.0,1.0,8666.0,1,0,0,1,0,0,1
243,LP001807,2,108.0,360.0,1.0,7550.0,1,0,0,0,1,1,1
244,LP001811,0,123.0,360.0,1.0,7823.0,1,1,1,0,1,0,1
245,LP001813,0,120.0,180.0,1.0,10383.0,1,0,0,1,0,1,0
246,LP001814,2,112.0,360.0,1.0,9703.0,1,0,0,1,1,0,1
247,LP001819,1,137.0,180.0,1.0,6608.0,1,1,0,1,1,0,1
248,LP001824,1,123.0,480.0,1.0,4725.0,1,0,1,0,1,0,1
249,LP001825,0,90.0,360.0,1.0,3677.0,1,0,0,1,1,0,1
250,LP001835,0,201.0,360.0,0.0,5558.0,1,1,1,0,1,0,0
251,LP001836,2,138.0,360.0,1.0,3427.0,0,0,0,1,0,0,0
252,LP001841,0,104.0,360.0,1.0,4750.0,1,1,0,0,0,1,1
253,LP001843,1,279.0,180.0,1.0,9762.0,1,1,1,0,1,0,1
254,LP001844,0,192.0,360.0,0.0,16250.0,1,0,0,1,0,1,0
255,LP001846,3,255.0,360.0,1.0,3083.0,0,0,0,0,0,0,1
256,LP001849,0,115.0,360.0,0.0,6045.0,1,1,0,0,0,0,0
257,LP001854,3,94.0,360.0,1.0,5250.0,1,0,0,1,1,0,0
258,LP001859,0,304.0,360.0,1.0,16783.0,1,0,0,0,1,0,0
259,LP001864,3,128.0,360.0,1.0,4931.0,1,1,1,0,1,0,0
260,LP001865,1,330.0,360.0,1.0,10333.0,1,0,0,1,1,0,1
261,LP001868,0,134.0,360.0,1.0,4269.0,1,0,1,0,0,0,1
262,LP001870,1,155.0,36.0,1.0,3481.0,0,0,1,0,0,0,0
263,LP001871,0,120.0,360.0,1.0,7200.0,0,0,0,0,0,0,1
264,LP001872,0,128.0,360.0,1.0,5166.0,1,0,1,0,0,1,1
265,LP001875,0,151.0,360.0,1.0,7542.0,1,0,0,0,0,0,1
266,LP001877,2,150.0,360.0,1.0,6095.0,1,0,1,0,1,0,1
267,LP001882,3,160.0,360.0,0.0,6144.0,1,0,0,1,1,0,1
268,LP001883,0,135.0,360.0,1.0,3418.0,0,0,0,0,0,0,0
269,LP001884,1,90.0,360.0,1.0,4436.0,0,0,0,1,0,0,1
270,LP001888,0,30.0,360.0,1.0,3237.0,0,0,0,1,0,0,1
271,LP001891,0,136.0,360.0,1.0,11146.0,1,0,0,1,1,0,1
272,LP001892,0,126.0,360.0,1.0,4690.0,1,0,0,0,0,0,1
273,LP001894,0,150.0,360.0,1.0,4843.0,1,0,1,0,1,0,1
274,LP001896,2,90.0,360.0,1.0,3900.0,1,0,1,0,1,0,1
275,LP001900,1,115.0,360.0,1.0,4592.0,1,0,1,0,1,0,1
276,LP001903,0,207.0,360.0,1.0,7267.0,1,0,1,0,1,0,1
277,LP001904,0,80.0,360.0,1.0,4403.0,1,0,0,1,1,0,1
278,LP001907,0,436.0,360.0,1.0,14583.0,1,0,1,0,1,0,1
279,LP001908,0,124.0,360.0,1.0,4100.0,0,1,0,0,1,0,1
280,LP001910,1,158.0,360.0,0.0,6479.0,1,1,0,1,0,1,0
281,LP001914,0,112.0,360.0,1.0,4727.0,1,0,1,0,1,0,1
282,LP001915,2,78.0,180.0,1.0,3286.7999878,1,0,0,1,1,0,1
283,LP001917,0,54.0,360.0,1.0,3477.0,0,0,0,1,0,0,1
284,LP001922,0,128.0,360.0,1.0,20667.0,1,0,0,0,1,0,0
285,LP001924,0,89.0,360.0,1.0,6211.0,1,0,0,0,0,0,1
286,LP001925,0,99.0,300.0,1.0,4317.0,0,0,1,0,0,1,0
287,LP001926,0,120.0,360.0,1.0,5704.0,1,0,0,0,1,0,1
288,LP001931,0,115.0,360.0,1.0,4124.0,0,0,1,0,0,0,1
289,LP001935,0,187.0,360.0,1.0,9508.0,1,0,0,0,0,0,1
290,LP001936,0,139.0,360.0,1.0,5491.0,1,0,0,0,1,0,1
291,LP001938,2,127.0,360.0,0.0,4400.0,1,0,1,0,1,0,0
292,LP001940,2,134.0,360.0,1.0,4713.0,1,0,0,1,1,0,1
293,LP001945,0,143.0,480.0,0.0,5417.0,0,0,0,1,0,0,0
294,LP001947,0,172.0,360.0,1.0,5717.0,1,0,1,0,1,0,1
295,LP001949,3,110.0,360.0,1.0,5666.0,1,0,0,1,1,0,1
296,LP001953,1,200.0,360.0,1.0,6875.0,1,0,1,0,1,0,1
297,LP001954,1,135.0,360.0,1.0,4666.0,0,0,0,1,1,0,1
298,LP001955,0,151.0,480.0,1.0,7541.0,0,0,0,0,0,0,0
299,LP001963,1,113.0,360.0,1.0,4939.0,1,0,0,1,1,0,0
300,LP001964,0,93.0,360.0,0.0,4734.0,1,1,0,1,1,0,0
301,LP001972,0,105.0,360.0,1.0,4625.0,1,1,1,0,1,0,1
302,LP001974,0,132.0,360.0,1.0,5000.0,0,0,0,0,0,0,1
303,LP001977,1,96.0,360.0,1.0,3428.0,1,0,0,1,1,0,1
304,LP001978,0,140.0,360.0,1.0,6500.0,1,0,0,0,0,0,1
305,LP001990,0,128.0,360.0,1.0,2000.0,1,1,0,1,0,0,0
306,LP001993,0,135.0,360.0,1.0,5428.0,0,0,0,0,0,0,1
307,LP001994,0,104.0,360.0,0.0,4263.0,0,0,0,1,0,0,0
308,LP001996,0,480.0,360.0,1.0,20233.0,1,0,0,0,0,0,0
309,LP001998,2,185.0,360.0,1.0,7667.0,1,1,0,0,1,0,1
310,LP002002,0,84.0,360.0,1.0,2917.0,0,0,1,0,0,0,1
311,LP002004,0,111.0,360.0,1.0,5332.0,1,1,1,0,0,0,1
312,LP002006,0,56.0,360.0,1.0,2507.0,0,0,0,0,0,0,1
313,LP002008,2,144.0,84.0,1.0,5746.0,1,0,0,0,1,1,1
314,LP002024,0,159.0,360.0,1.0,4316.0,1,0,0,0,1,0,0
315,LP002031,1,111.0,180.0,1.0,5039.0,1,1,0,1,1,0,1
316,LP002035,2,120.0,360.0,1.0,3717.0,1,0,1,0,1,0,1
317,LP002036,0,88.0,360.0,1.0,4192.0,1,0,0,1,1,0,1
318,LP002043,1,112.0,360.0,1.0,3541.0,0,0,1,0,0,0,1
319,LP002050,1,155.0,360.0,1.0,10000.0,1,0,0,0,1,1,0
320,LP002051,0,115.0,360.0,1.0,4567.0,1,0,1,0,1,0,1
321,LP002053,3,124.0,360.0,1.0,4531.0,1,0,1,0,1,0,1
322,LP002054,2,128.0,360.0,1.0,5191.0,1,1,0,0,1,0,1
323,LP002055,0,132.0,360.0,1.0,6151.0,0,0,0,0,0,0,1
324,LP002065,3,300.0,360.0,1.0,15000.0,1,0,0,0,1,0,1
325,LP002067,1,376.0,360.0,0.0,13649.0,1,0,0,0,1,1,0
326,LP002068,0,130.0,360.0,0.0,4917.0,1,0,0,0,0,0,1
327,LP002082,0,184.0,360.0,1.0,7978.0,1,0,1,0,1,1,1
328,LP002086,0,110.0,360.0,1.0,6784.0,0,0,0,1,1,0,0
329,LP002087,0,67.0,360.0,1.0,2500.0,0,0,0,1,0,0,1
330,LP002097,1,117.0,360.0,1.0,6177.0,1,0,0,1,0,0,1
331,LP002098,0,98.0,360.0,1.0,2935.0,1,0,1,0,0,0,1
332,LP002100,0,71.0,360.0,1.0,2833.0,1,0,0,1,0,0,1
333,LP002101,0,490.0,180.0,1.0,63337.0,1,0,0,1,1,0,1
334,LP002103,1,182.0,180.0,1.0,11666.0,1,0,0,1,1,1,1
335,LP002106,0,70.0,360.0,1.0,9993.0,1,0,1,0,1,1,1
336,LP002110,1,160.0,360.0,1.0,5938.0,1,0,0,0,1,0,1
337,LP002112,2,176.0,360.0,1.0,7100.0,1,0,0,0,1,1,1
338,LP002113,3,128.0,360.0,0.0,1830.0,0,1,0,1,0,0,0
339,LP002114,0,71.0,360.0,1.0,4160.0,0,0,1,0,0,0,1
340,LP002115,3,173.0,360.0,1.0,4234.0,1,1,0,0,1,0,0
341,LP002116,0,46.0,360.0,1.0,2378.0,0,0,0,0,0,0,0
342,LP002119,1,158.0,360.0,1.0,5783.0,1,1,0,1,1,0,1
343,LP002126,3,74.0,360.0,1.0,3173.0,1,1,1,0,1,0,1
344,LP002128,2,125.0,360.0,1.0,4913.0,1,0,0,0,1,0,1
345,LP002129,0,160.0,360.0,1.0,4957.0,1,0,1,0,1,0,1
346,LP002130,0,152.0,360.0,0.0,6753.0,1,1,0,0,1,0,0
347,LP002131,2,126.0,360.0,1.0,5251.0,1,1,0,1,1,0,1
348,LP002137,0,259.0,360.0,1.0,10916.0,1,0,1,0,1,0,1
349,LP002138,0,187.0,360.0,1.0,8875.0,1,0,0,0,1,0,1
350,LP002139,0,228.0,360.0,1.0,9083.0,1,0,1,0,1,0,1
351,LP002140,0,308.0,360.0,1.0,12917.0,1,0,0,0,0,0,0
352,LP002141,3,95.0,360.0,1.0,4749.0,1,0,0,0,1,0,1
353,LP002142,0,105.0,360.0,0.0,5500.0,0,0,0,0,1,1,0
354,LP002143,0,130.0,360.0,1.0,2928.0,0,0,1,0,1,0,1
355,LP002144,0,116.0,180.0,1.0,3813.0,0,0,0,1,0,0,1
356,LP002149,2,165.0,360.0,1.0,11500.0,1,0,0,0,1,0,1
357,LP002151,1,67.0,360.0,1.0,3875.0,1,0,0,1,1,0,0
358,LP002158,0,100.0,480.0,0.0,4666.0,1,1,0,1,1,0,0
359,LP002160,3,200.0,360.0,1.0,8334.0,1,0,1,0,1,0,1
360,LP002161,1,81.0,360.0,1.0,4723.0,0,0,1,0,0,0,0
361,LP002170,2,236.0,360.0,1.0,8667.0,1,0,1,0,1,0,1
362,LP002175,0,130.0,360.0,1.0,7083.0,1,0,0,1,1,0,1
363,LP002178,0,95.0,300.0,1.0,6046.0,1,0,0,1,1,0,1
364,LP002180,0,141.0,360.0,1.0,6822.0,1,0,0,0,0,1,1
365,LP002181,0,133.0,360.0,1.0,6216.0,1,1,0,0,0,0,0
366,LP002187,0,96.0,480.0,1.0,2500.0,1,0,1,0,0,0,0
367,LP002188,0,124.0,360.0,0.0,5124.0,1,0,0,0,0,0,0
368,LP002190,1,175.0,360.0,1.0,6325.0,1,0,1,0,1,0,1
369,LP002191,0,570.0,360.0,1.0,24996.0,1,0,0,0,1,0,0
370,LP002194,0,55.0,360.0,1.0,15759.0,0,0,1,0,0,1,1
371,LP002197,2,155.0,360.0,1.0,5185.0,1,0,1,0,1,0,1
372,LP002201,2,380.0,300.0,1.0,17196.0,1,0,0,0,1,1,1
373,LP002205,1,111.0,180.0,0.0,5049.0,1,0,0,1,0,0,0
374,LP002209,0,110.0,360.0,1.0,4223.0,0,0,0,1,0,0,1
375,LP002211,0,120.0,180.0,1.0,5740.0,1,0,0,1,1,0,1
376,LP002219,3,130.0,360.0,1.0,13746.0,1,0,0,0,1,0,1
377,LP002223,0,130.0,360.0,1.0,4310.0,1,0,1,0,1,0,1
378,LP002224,0,71.0,480.0,1.0,3069.0,1,0,0,1,0,0,0
379,LP002225,2,130.0,360.0,1.0,5391.0,1,0,0,1,1,0,1
380,LP002226,0,128.0,360.0,1.0,5833.0,1,0,1,0,1,0,1
381,LP002229,0,296.0,360.0,1.0,10173.0,1,0,1,0,0,0,1
382,LP002231,0,156.0,360.0,1.0,6000.0,0,0,0,1,0,0,1
383,LP002234,0,128.0,360.0,1.0,7167.0,1,0,0,1,0,1,1
384,LP002236,2,100.0,360.0,1.0,4566.0,1,0,0,1,1,0,0
385,LP002237,1,113.0,180.0,1.0,3667.0,1,0,0,1,0,0,1
386,LP002239,0,132.0,360.0,1.0,3946.0,1,1,1,0,0,0,1
387,LP002243,0,128.0,360.0,0.0,6146.0,1,1,0,1,1,0,0
388,LP002244,0,136.0,360.0,1.0,4750.0,1,0,0,1,1,0,1
389,LP002250,0,125.0,360.0,1.0,5488.0,1,0,0,0,1,0,1
390,LP002255,3,185.0,360.0,1.0,9167.0,1,0,0,0,0,0,1
391,LP002262,3,275.0,360.0,1.0,9504.0,1,0,0,0,1,0,1
392,LP002263,0,120.0,360.0,1.0,4698.0,1,0,0,1,1,0,1
393,LP002265,2,113.0,180.0,1.0,3618.0,1,1,1,0,1,0,1
394,LP002266,2,113.0,360.0,1.0,4500.0,1,0,0,1,1,0,1
395,LP002272,2,135.0,360.0,1.0,3760.0,1,0,1,0,1,0,1
396,LP002277,0,71.0,360.0,0.0,3180.0,0,0,0,1,0,0,0
397,LP002281,0,95.0,360.0,1.0,4492.0,1,0,0,1,1,0,1
398,LP002284,0,109.0,360.0,1.0,5568.0,1,1,0,0,0,0,1
399,LP002287,0,103.0,360.0,0.0,3300.0,0,0,1,0,0,0,0
400,LP002288,2,45.0,180.0,0.0,2889.0,1,1,0,1,1,0,0
401,LP002296,0,65.0,300.0,1.0,2755.0,1,1,0,0,0,0,0
402,LP002297,0,103.0,360.0,1.0,22500.0,1,0,1,0,0,0,1
403,LP002300,0,53.0,360.0,1.0,1963.0,0,1,1,0,0,0,1
404,LP002301,0,194.0,360.0,1.0,7441.0,0,0,0,0,0,1,0
405,LP002305,0,115.0,360.0,1.0,4547.0,0,0,1,0,0,0,1
406,LP002308,0,115.0,360.0,1.0,4567.0,1,1,0,1,1,0,1
407,LP002314,0,66.0,360.0,1.0,2213.0,0,1,0,0,0,0,1
408,LP002315,1,152.0,300.0,0.0,8300.0,1,0,1,0,1,0,0
409,LP002317,3,360.0,360.0,0.0,81000.0,1,0,0,0,1,0,0
410,LP002318,1,62.0,360.0,1.0,3867.0,0,1,1,0,0,1,0
411,LP002319,0,160.0,360.0,1.0,6256.0,1,0,0,1,1,0,1
412,LP002328,0,218.0,360.0,0.0,6096.0,1,1,0,0,1,0,0
413,LP002332,0,110.0,360.0,1.0,4286.0,1,1,0,0,1,0,1
414,LP002335,0,178.0,360.0,0.0,5386.0,0,1,1,0,1,0,0
415,LP002337,0,60.0,360.0,1.0,2995.0,0,0,0,1,0,0,1
416,LP002341,1,160.0,360.0,1.0,2600.0,0,0,0,1,0,0,0
417,LP002342,2,239.0,360.0,1.0,21600.0,1,0,0,1,1,1,0
418,LP002345,0,112.0,360.0,1.0,3798.0,1,0,0,0,1,0,1
419,LP002347,0,138.0,360.0,1.0,4663.0,1,0,1,0,1,0,1
420,LP002348,0,138.0,360.0,1.0,5829.0,1,0,0,0,1,0,1
421,LP002357,0,80.0,360.0,0.0,2720.0,0,1,0,1,0,0,0
422,LP002361,0,100.0,360.0,1.0,3539.0,1,0,0,1,1,0,1
423,LP002362,1,110.0,360.0,0.0,8917.0,1,0,0,1,1,0,0
424,LP002364,0,96.0,360.0,1.0,14880.0,1,0,1,0,1,0,1
425,LP002366,0,121.0,360.0,1.0,6966.0,1,0,0,0,1,0,1
426,LP002367,1,81.0,360.0,1.0,4606.0,0,1,0,0,0,0,0
427,LP002368,2,133.0,360.0,1.0,5935.0,1,0,1,0,1,0,1
428,LP002369,0,87.0,360.0,1.0,2936.12000084,1,0,0,0,1,0,1
429,LP002370,0,60.0,180.0,1.0,2717.0,1,1,0,1,0,0,1
430,LP002377,1,150.0,360.0,1.0,8624.0,0,0,1,0,0,1,1
431,LP002379,0,105.0,360.0,0.0,6500.0,1,0,0,0,0,0,0
432,LP002386,0,405.0,360.0,1.0,12876.0,1,0,1,0,0,0,1
433,LP002387,0,143.0,360.0,1.0,4765.0,1,0,1,0,1,0,1
434,LP002390,0,100.0,360.0,1.0,3750.0,1,0,0,1,0,0,1
435,LP002393,0,128.0,240.0,1.0,10047.0,0,0,1,0,1,0,1
436,LP002398,0,50.0,360.0,1.0,3777.0,1,0,1,0,0,0,1
437,LP002401,0,128.0,360.0,1.0,3338.0,1,0,0,1,1,0,1
438,LP002403,0,187.0,360.0,0.0,10416.0,1,0,0,1,0,1,0
439,LP002407,0,138.0,360.0,1.0,7142.0,0,1,0,0,1,1,1
440,LP002408,0,187.0,360.0,1.0,8724.0,1,0,1,0,0,0,1
441,LP002409,0,180.0,360.0,1.0,9734.0,1,0,0,0,1,0,1
442,LP002418,3,148.0,360.0,1.0,6700.0,1,1,1,0,0,0,1
443,LP002422,1,152.0,360.0,1.0,37719.0,1,0,1,0,0,0,1
444,LP002424,0,175.0,300.0,1.0,15666.0,1,0,0,0,1,0,1
445,LP002429,1,130.0,360.0,1.0,4676.0,1,0,0,0,1,1,1
446,LP002434,2,110.0,360.0,1.0,4652.0,1,1,0,0,1,0,1
447,LP002435,0,55.0,360.0,1.0,4915.0,1,0,0,0,1,0,0
448,LP002443,2,150.0,360.0,0.0,5050.0,1,0,0,0,1,0,0
449,LP002444,1,190.0,360.0,1.0,4311.0,1,1,1,0,0,1,0
450,LP002446,2,125.0,360.0,0.0,3564.0,1,1,0,0,1,0,0
451,LP002447,2,60.0,300.0,1.0,3414.0,1,1,0,1,1,0,1
452,LP002448,0,149.0,360.0,0.0,5681.0,1,0,0,0,1,0,0
453,LP002449,0,90.0,180.0,0.0,4949.0,1,0,0,0,1,0,1
454,LP002453,0,84.0,360.0,1.0,7085.0,1,0,1,0,0,1,1
455,LP002455,2,96.0,360.0,1.0,3859.0,1,0,1,0,1,0,1
456,LP002459,0,118.0,360.0,1.0,4301.0,1,0,0,1,1,0,1
457,LP002467,0,173.0,360.0,1.0,6277.0,1,0,0,1,1,0,0
458,LP002472,2,136.0,360.0,1.0,4354.0,1,0,0,0,0,0,1
459,LP002473,0,160.0,360.0,1.0,8334.0,1,0,1,0,1,0,0
460,LP002478,0,160.0,360.0,1.0,6166.0,1,0,1,0,1,1,1
461,LP002484,3,128.0,180.0,1.0,7740.0,1,0,0,1,1,0,1
462,LP002487,0,153.0,360.0,1.0,5203.0,1,0,0,0,1,0,1
463,LP002489,1,132.0,360.0,1.0,5191.0,0,1,1,0,0,0,1
464,LP002493,0,98.0,360.0,0.0,4166.0,1,0,1,0,0,0,0
465,LP002494,0,140.0,360.0,1.0,6000.0,1,0,0,0,0,0,1
466,LP002500,3,70.0,180.0,0.0,4611.0,1,1,0,1,1,0,0
467,LP002501,0,110.0,360.0,1.0,16692.0,1,0,1,0,1,0,1
468,LP002502,2,98.0,360.0,1.0,3127.0,0,1,1,0,1,0,1
469,LP002505,0,110.0,360.0,1.0,6784.0,1,0,0,1,1,0,0
470,LP002515,1,162.0,360.0,1.0,5529.0,1,0,1,0,1,1,1
471,LP002517,1,113.0,180.0,0.0,4153.0,1,1,0,0,1,0,0
472,LP002519,3,100.0,360.0,1.0,4691.0,1,0,1,0,1,0,1
473,LP002522,0,93.0,360.0,1.0,2500.0,0,0,0,1,0,1,1
474,LP002524,2,162.0,360.0,1.0,10180.0,1,0,0,0,0,0,1
475,LP002527,2,150.0,360.0,1.0,17539.0,1,0,0,0,1,1,1
476,LP002529,2,230.0,300.0,1.0,8450.0,1,0,1,0,1,0,1
477,LP002530,2,132.0,360.0,0.0,4745.0,1,0,1,0,1,0,0
478,LP002531,1,86.0,360.0,1.0,18917.0,1,0,1,0,1,1,1
479,LP002533,2,128.0,360.0,1.0,4550.0,1,0,0,1,1,0,0
480,LP002534,0,154.0,360.0,1.0,4350.0,0,1,0,0,0,0,1
481,LP002536,3,113.0,360.0,1.0,3095.0,1,1,0,0,1,0,1
482,LP002537,0,128.0,360.0,1.0,5233.0,1,0,1,0,1,0,1
483,LP002541,0,234.0,360.0,1.0,10833.0,1,0,1,0,1,0,1
484,LP002543,2,246.0,360.0,1.0,8333.0,1,0,1,0,1,0,1
485,LP002544,1,131.0,360.0,1.0,4394.0,1,1,0,0,1,0,1
486,LP002545,2,80.0,360.0,0.0,3547.0,1,0,0,0,0,0,0
487,LP002547,1,500.0,360.0,1.0,18333.0,1,0,0,1,1,0,0
488,LP002555,2,160.0,360.0,1.0,6666.0,1,0,1,0,1,1,1
489,LP002556,0,75.0,360.0,1.0,2435.0,1,0,0,1,0,0,0
490,LP002560,0,96.0,360.0,1.0,5484.0,1,1,1,0,0,0,1
491,LP002562,1,186.0,360.0,1.0,6464.0,1,1,0,1,1,0,1
492,LP002571,0,110.0,360.0,1.0,3691.0,1,1,0,0,0,0,1
493,LP002582,0,225.0,360.0,1.0,17263.0,0,1,1,0,0,1,1
494,LP002585,0,119.0,360.0,0.0,5754.0,1,0,0,0,1,0,0
495,LP002586,1,105.0,84.0,1.0,4239.0,0,0,1,0,1,0,1
496,LP002587,0,107.0,360.0,1.0,4300.0,1,1,0,0,1,0,1
497,LP002588,0,111.0,12.0,1.0,7482.0,1,0,0,1,1,0,1
498,LP002600,1,95.0,360.0,1.0,2895.0,1,0,1,0,1,1,1
499,LP002602,0,209.0,360.0,0.0,10699.0,1,0,0,0,0,0,0
500,LP002603,0,113.0,480.0,1.0,4328.0,0,0,0,0,0,0,1
501,LP002606,0,100.0,360.0,1.0,3159.0,0,0,1,0,0,0,1
502,LP002615,2,208.0,360.0,1.0,10489.0,1,0,1,0,1,0,1
503,LP002618,1,138.0,360.0,1.0,9352.0,1,1,0,0,1,0,0
504,LP002619,0,124.0,300.0,1.0,5297.0,1,1,1,0,1,0,1
505,LP002622,2,243.0,360.0,1.0,7926.0,1,0,0,0,1,0,1
506,LP002624,0,480.0,360.0,1.0,27500.0,1,0,0,1,1,0,1
507,LP002625,0,96.0,360.0,1.0,3583.0,1,0,0,1,0,0,0
508,LP002626,0,188.0,360.0,1.0,5492.0,1,0,0,1,1,1,1
509,LP002634,1,40.0,360.0,1.0,13262.0,0,0,0,1,0,0,1
510,LP002637,0,100.0,360.0,1.0,4885.0,1,1,0,0,0,0,0
511,LP002640,1,250.0,360.0,1.0,8069.0,1,0,1,0,1,0,1
512,LP002643,2,148.0,360.0,1.0,5318.0,1,0,0,1,1,0,1
513,LP002648,0,70.0,180.0,1.0,8796.0,1,0,1,0,1,0,0
514,LP002652,0,311.0,360.0,1.0,9481.0,1,0,0,0,0,0,0
515,LP002659,3,150.0,360.0,1.0,6894.0,1,0,0,0,1,0,1
516,LP002670,2,113.0,480.0,1.0,3663.0,0,0,1,0,1,0,1
517,LP002682,0,123.0,360.0,0.0,4874.0,1,1,1,0,1,0,0
518,LP002683,0,185.0,360.0,1.0,6598.0,1,0,1,0,0,0,0
519,LP002684,0,95.0,360.0,1.0,3400.0,0,1,0,0,0,0,0
520,LP002689,2,45.0,360.0,1.0,3934.0,1,1,1,0,1,0,1
521,LP002690,0,55.0,360.0,1.0,2500.0,1,0,1,0,0,0,1
522,LP002692,3,100.0,360.0,1.0,7101.0,1,0,0,0,1,1,1
523,LP002693,2,480.0,360.0,1.0,15114.0,1,0,0,0,1,1,1
524,LP002697,0,128.0,360.0,1.0,6767.0,1,0,1,0,0,0,0
525,LP002699,2,400.0,360.0,1.0,17500.0,1,0,0,0,1,1,1
526,LP002705,0,110.0,360.0,1.0,3775.0,1,0,1,0,1,0,1
527,LP002706,1,161.0,360.0,0.0,6715.0,1,1,1,0,1,0,1
528,LP002714,1,94.0,360.0,1.0,3981.0,1,1,1,0,0,0,1
529,LP002716,0,130.0,360.0,1.0,6783.0,1,1,1,0,0,0,1
530,LP002717,0,216.0,360.0,1.0,6525.0,1,0,0,0,1,0,1
531,LP002720,3,100.0,360.0,1.0,4281.0,1,0,0,1,1,0,1
532,LP002723,2,110.0,360.0,0.0,3588.0,1,0,0,0,0,0,0
533,LP002729,1,196.0,360.0,1.0,11250.0,1,0,1,0,0,0,0
534,LP002731,0,125.0,360.0,1.0,18165.0,0,1,0,1,0,1,1
535,LP002732,0,126.0,360.0,1.0,4592.0,1,1,0,0,0,0,1
536,LP002734,0,324.0,360.0,1.0,10039.0,1,0,0,1,1,0,1
537,LP002738,2,107.0,360.0,1.0,3617.0,1,0,1,0,0,0,1
538,LP002739,0,66.0,360.0,1.0,3453.0,1,1,0,0,1,0,0
539,LP002740,3,157.0,180.0,1.0,6417.0,1,0,0,0,1,0,1
540,LP002741,1,140.0,180.0,1.0,7453.0,0,0,1,0,1,0,1
541,LP002743,0,99.0,360.0,0.0,2138.0,0,0,1,0,0,0,0
542,LP002753,1,95.0,360.0,1.0,3652.0,0,0,1,0,0,0,1
543,LP002755,1,128.0,360.0,1.0,4763.0,1,1,0,1,1,0,1
544,LP002757,0,102.0,360.0,1.0,3680.0,0,1,1,0,1,0,1
545,LP002767,0,155.0,360.0,1.0,4718.0,1,0,0,0,1,0,1
546,LP002768,0,80.0,36.0,1.0,3358.0,1,1,1,0,0,0,0
547,LP002772,0,145.0,360.0,1.0,4309.0,1,0,0,0,0,0,1
548,LP002776,0,103.0,360.0,0.0,5000.0,0,0,1,0,0,0,0
549,LP002777,0,110.0,360.0,1.0,4801.0,1,0,0,0,1,0,1
550,LP002778,2,128.0,360.0,0.0,6633.0,1,0,0,0,1,1,0
551,LP002784,1,128.0,360.0,1.0,4867.0,1,1,0,0,1,0,1
552,LP002785,1,158.0,360.0,1.0,6583.0,1,0,0,1,1,0,1
553,LP002788,0,181.0,360.0,0.0,4787.0,1,1,0,1,1,0,0
554,LP002789,0,132.0,180.0,0.0,7859.0,1,0,0,0,1,0,0
555,LP002792,1,26.0,360.0,1.0,6500.0,1,0,1,0,1,0,1
556,LP002794,0,84.0,360.0,1.0,4292.0,0,0,0,1,0,0,1
557,LP002795,3,260.0,360.0,1.0,10139.0,1,0,1,0,1,1,1
558,LP002798,0,162.0,360.0,1.0,6556.0,1,0,1,0,1,0,1
559,LP002804,0,182.0,360.0,1.0,6486.0,0,0,1,0,1,0,1
560,LP002807,2,108.0,360.0,1.0,3917.0,1,1,1,0,1,0,1
561,LP002813,1,600.0,360.0,1.0,19484.0,0,0,1,0,1,1,1
562,LP002820,0,211.0,360.0,1.0,7977.0,1,0,0,0,1,0,1
563,LP002821,0,132.0,360.0,1.0,5800.0,1,1,1,0,0,1,1
564,LP002832,2,258.0,360.0,0.0,8799.0,1,0,0,1,1,0,0
565,LP002833,0,120.0,360.0,1.0,4467.0,1,1,0,0,1,0,1
566,LP002836,0,70.0,360.0,1.0,3333.0,1,0,0,1,0,0,1
567,LP002837,3,123.0,360.0,0.0,5900.0,1,0,0,0,1,0,0
568,LP002840,0,9.0,360.0,1.0,2378.0,0,0,0,1,0,0,0
569,LP002841,0,104.0,360.0,0.0,5230.0,1,0,0,1,1,0,0
570,LP002842,1,186.0,360.0,1.0,5167.0,1,0,0,1,1,0,1
571,LP002847,0,165.0,360.0,0.0,6567.0,1,0,0,1,1,0,0
572,LP002855,2,275.0,360.0,1.0,16666.0,1,0,0,1,1,0,1
573,LP002862,2,187.0,480.0,1.0,7750.0,1,1,1,0,1,0,0
574,LP002863,3,150.0,360.0,1.0,6406.0,1,0,1,0,1,0,0
575,LP002868,2,108.0,84.0,1.0,3620.0,1,0,0,1,1,0,1
576,LP002872,0,136.0,360.0,0.0,5297.0,1,0,1,0,1,0,0
577,LP002874,0,110.0,360.0,1.0,5968.0,1,0,0,1,0,0,1
578,LP002877,1,107.0,360.0,1.0,4014.0,1,0,0,0,1,0,1
579,LP002888,0,161.0,360.0,1.0,6099.0,1,0,0,1,0,0,1
580,LP002892,2,205.0,360.0,1.0,6540.0,1,0,1,0,1,0,1
581,LP002893,0,90.0,360.0,1.0,35673.0,1,0,0,1,0,0,0
582,LP002894,0,36.0,360.0,1.0,3166.0,0,0,1,0,1,0,1
583,LP002898,1,61.0,360.0,1.0,1880.0,1,0,0,0,1,0,0
584,LP002911,1,146.0,360.0,0.0,4704.0,1,0,0,0,1,0,0
585,LP002912,1,172.0,84.0,1.0,7283.0,1,0,0,0,1,0,0
586,LP002916,0,104.0,360.0,1.0,3819.0,1,0,0,1,1,0,1
587,LP002917,0,70.0,360.0,1.0,2165.0,0,1,1,0,0,0,1
588,LP002925,0,94.0,360.0,1.0,4750.0,1,0,1,0,0,0,1
589,LP002926,2,106.0,360.0,0.0,2726.0,1,0,1,0,1,1,0
590,LP002928,0,56.0,180.0,1.0,6416.0,1,0,1,0,1,0,1
591,LP002931,2,205.0,240.0,1.0,6000.0,1,0,1,0,1,1,0
592,LP002933,3,292.0,360.0,1.0,9357.0,1,0,1,0,0,1,1
593,LP002936,0,142.0,180.0,1.0,7159.0,1,0,0,0,1,0,1
594,LP002938,0,260.0,360.0,1.0,16120.0,1,0,0,1,1,1,1
595,LP002940,0,110.0,360.0,1.0,3833.0,1,1,0,0,0,0,1
596,LP002941,2,187.0,360.0,1.0,7383.0,1,1,0,0,1,1,0
597,LP002943,0,88.0,360.0,0.0,2987.0,1,0,1,0,0,0,0
598,LP002945,0,180.0,360.0,1.0,9963.0,1,0,0,0,1,1,1
599,LP002948,2,192.0,360.0,1.0,5780.0,1,0,0,1,1,0,1
600,LP002949,3,350.0,180.0,1.0,42083.0,0,0,0,1,0,0,0
601,LP002950,0,155.0,360.0,1.0,5686.0,1,1,0,0,1,0,1
602,LP002953,3,128.0,360.0,1.0,5703.0,1,0,0,1,1,0,1
603,LP002958,0,172.0,360.0,1.0,7977.0,1,0,0,0,0,0,1
604,LP002959,1,496.0,360.0,1.0,12000.0,0,0,1,0,1,0,1
605,LP002960,0,128.0,180.0,1.0,6200.0,1,1,0,1,1,0,0
606,LP002961,1,173.0,360.0,1.0,5900.0,1,0,1,0,1,0,1
607,LP002964,2,157.0,360.0,1.0,5398.0,1,1,0,0,1,0,1
608,LP002974,0,108.0,360.0,1.0,5182.0,1,0,0,0,1,0,1
609,LP002978,0,71.0,360.0,1.0,2900.0,0,0,0,0,0,0,1
610,LP002979,3,40.0,180.0,1.0,4106.0,1,0,0,0,1,0,1
611,LP002983,1,253.0,360.0,1.0,8312.0,1,0,0,1,1,0,1
612,LP002984,2,187.0,360.0,1.0,7583.0,1,0,0,1,1,0,1
613,LP002990,0,133.0,360.0,0.0,4583.0,0,0,1,0,0,1,0
